Iteration, Residual
0, 1.54221
1, 0.173912
2, 0.0242072
3, 0.00293186
4, 0.000396195
5, 5.27479E-05
6, 6.12296E-06
7, 9.15705E-07
